Encrypt,,
0,1621343037.735455,1621343037.829785
